ID,Reduced Composition,Z,True Composition,Ionic conductivity (S cm-1),IC (Total),IC (Bulk),Space group,Space group #,a,b,c,alpha,beta,gamma,Family,DOI,Checked,Ref,Cif ID,Cif ref_1,Cif ref_2,note,close match,close match DOI
bq9,Li3BiO3,8,Li24.0Bi8.0O24.0,2.40E-10,,,P -1,2,9.02743,9.7388,9.23917,114.04632,89.29499,107.53782,oxides,10.1016/j.ssi.2015.10.016,1,D2 - 30,done,40245-ICSD,,D - Rhi - 1_si_1_ Li3BiO3,Yes,10.1002/zaac.19895760119
x2i,LiBiO2,8,Li8.0Bi8.0O16.0,3.80E-08,,,Ibam,72,18.00548,5.18159,4.97144,90,90,90,oxides,10.1016/j.ssi.2015.10.016,1,D2 - 30,done,46022-ICSD,,,Yes,ICSD-46022
skm,Li5BiO5,2,Li10.0Bi2.0O10.0,3.90E-09,,,Cm,8,9.97608,4.15207,5.94635,90,109.48577,90,oxides,10.1016/j.ssi.2015.10.016,1,D2 - 30,done,203031-ICSD ,,D - Rhi - 1_si_2_ Li5BiO5,,
d7f,Li3BiO4,4,Li12.0Bi4.0O16.0,4.10E-10,,,P42/mnm,136,8.75298,8.75298,4.22469,90,90,90,oxides,10.1016/j.ssi.2015.10.016,1,D2 - 30,done,,,,Yes,ICSD-109087
vqu,Li5Nd3Sb2O12,8,Li40.0Nd24.0Sb16.0O96.0,1.30E-07,,1.30E-07,Ia-3d ,230,12.66238,12.66238,12.66238,90,90,90,garnet,10.1016/j.materresbull.2007.04.002,1,D2 - 214,done,ICSD ,,,,
uex,Fe2Na2K(Li3Si12O30),2,Fe4.0Na4.0K2.0Li6.0Si24.0O60.0,1.00E-15,,,P6/mcc,192,10.0617,10.0617,14.0832,90,90,120,sugilites,10.1016/j.jssc.2018.05.008,1,D2 - 156,done,ICSD not the same paper,,,,
47i,Li4P2O7,2,Li8.0P4.0O14.0,1.00E-15,,,P -1,2,8.5632,7.1099,5.1858,111.426,89.991,103.055,diphosphate,10.1016/j.jssc.2013.12.015,1,D2 - 8,done,248414-ICSD,,,,
lpx,Li1.15Y0.15Zr1.85(PO4)3,6,Li6.9Y0.9Zr11.1P18.0O72.0,7.10E-05,7.10E-05,0.00014,R-3c,167,8.8727,8.8727,22.1578,90,90,120,NASICON,10.1016/j.jpowsour.2013.03.175,1,D2 - 136; D1 - 390,done,1700808.cif,,bulk ic (total ic 7.10E-05),,
t0h,Li2ZrO3,4,Li8.0Zr4.0O12.0,6.10E-10,,,C2/c,15,5.4163,9.0262,5.4156,90,112.615,90,oxides,10.1016/0167-2738(81)90021-7,1,D2 - 33,done,94894-ICSD,,check cif file matching,,
bv2,LiYO2,4,Li4.0Y4.0O8.0,1.80E-08,,,P21/c,14,6.12,6.185,6.21,90,118.8,90,oxides,10.1016/0167-2738(81)90021-7,1,D2 - 33,done,45511-ICSD,,check cif file matching,,
5bz,Li3BN2,4,Li12.0B4.0N8.0,8.70E-08,,,P21/c,14,5.1502,7.0824,6.7908,90,112.956,90,boron nitride,10.1016/0022-4596(87)90135-6,1,D2 - 93,done,41022-ICSD,D2 - 93_II; Li3BN2.cif,,,
qa9,Li3BN2,2,Li6.0B2.0N4.0,1.60E-10,,,P42212,94,4.6435,4.6435,5.2592,90,90,90,boron nitride,10.1016/0022-4596(87)90135-6,1,D2 - 93,done,655673-ICSD,Li3BN2_II.cif,,,
13q,Li10SnP2S12,2,Li20.0Sn2.0P4.0S24.0,0.00398,,,P42/nmc ,137,8.73685,8.73685,12.7573,90,90,90,LGPS,10.1021/acs.chemmater.8b00266,1,D2 - 108,done,appendix,,lattice parameters not matching cif,,
kko,Li10SnP2S12,2,Li20.0Sn2.0P4.0S24.0,0.0038,,,P42/nmcZ,137,8.7297,8.7297,12.7428,90,90,90,,10.1021/jacs.0c10735,1,,done,ICSD-30173,,,,
rty,Li10Ge0.33Sn0.66P2S12,2,Li20.0Ge0.66Sn1.32P4.0S24.0,0.0048,,,P42/nmcZ,137,8.7182,8.7182,12.6876,90,90,90,,10.1021/jacs.0c10735,1,,done,ICSD-30169,,,,
zzr,Li10GeP2S12,2,Li20.0Ge2.0P4.0S24.0,0.0076,,,P42/nmcZ,137,8.6877,8.6877,12.5827,90,90,90,,10.1021/jacs.0c10735,1,,done,ICSD-30161,,,,
j8q,Li10GeP2S12,2,Li20.0Ge2.0P4.0S24.0,0.0121,,,P42/nmc ,137,8.719,8.719,12.639,90,90,90,LGPS,10.1039/c4ta05231e|10.1021/acs.chemmater.7b00886,1,D2 - 104,done,,,,Yes,10.1039/c3cp51985f
824,Li10.35Ge1.35P1.65S12,2,Li20.7Ge2.7P3.3S24.0,0.0144,,,P42/nmc ,137,8.713023,8.713023,12.639695,90,90,90,LGPS,10.1039/c4ta05231e,1,D2 - 104,done,193947-ICSD,,,,
ui6,Li10.35(Sn0.27Si1.08)P1.65S12,2,Li20.7Sn0.54Si2.16P3.3S24.0,0.011,,,P42/nmc ,137,8.67822,8.67822,12.5744,90,90,90,LGPS,10.1021/acs.chemmater.7b00886,1,D2 - 111,done,,,duplicated with line 204; deleted,,
7tu,Li10.2(Sn0.2Si0.8)1.2P1.8S12,2,Li20.4Sn0.48Si1.92P3.6S24.0,0.00782,,,P42/nmc ,137,8.65173,8.65173,12.5349,90,90,90,LGPS,10.1021/acs.chemmater.7b00886,1,D2 - 111,done,,,appendix: diffraction data available,,
8ub,Li10.5(Sn0.2Si0.8)1.5P1.5S12,2,Li21.0Sn0.6Si2.4P3.0S24.0,0.00879,,,P42/nmc ,137,8.69204,8.69204,12.6166,90,90,90,LGPS,10.1021/acs.chemmater.7b00886,1,D2 - 111,done,257947-ICSD,,appendix: diffraction data available,,
mtn,Li10GeP2S12,2,Li20.0Ge2.0P4.0S24.0,0.0246,,,P42/nmc ,137,8.71121,8.71121,12.6078,90,90,90,LGPS,10.1021/acs.chemmater.8b00266,1,D2 - 108,done,appendix,,,,
ik8,Li10(Ge0.416Sn0.584)P2S12,2,Li20.0Ge0.83Sn1.17P4.0S24.0,0.00743,,,P42/nmc ,137,8.72902,8.72902,12.7065,90,90,90,LGPS,10.1021/acs.chemmater.8b00266,1,D2 - 108,done,appendix,,,,
9rc,Li10(Ge0.776Sn0.224)P2S12,2,Li20.0Ge1.55Sn0.45P4.0S24.0,0.0141,,,P42/nmc ,137,8.71859,8.71859,12.6514,90,90,90,LGPS,10.1021/acs.chemmater.8b00266,1,D2 - 108,done,appendix,,,,
kop,Li10Ge0.66Sn0.33P2S12,2,Li20.0Ge1.32Sn0.66P4.0S24.0,0.0064,,,P42/nmcZ,137,8.7068,8.7068,12.6394,90,90,90,,10.1021/jacs.0c10735,1,,done,ICSD-30165,,,,
9lx,Li10SnP2S12,2,Li20.0Sn2.0P4.0S24.0,0.007,,,P42/nmc ,137,8.7057,8.7057,12.7389,90,90,90,LGPS,10.1021/ja407393y,1,D2 - 107,done,193755-ICSD; appendix,,,,
7ek,Li3.70Ge0.85W0.15O4,4,Li14.8Ge3.4W0.6O16.0,3.80E-05,,,Pnma,62,10.938,6.274,5.1609,90,90,90,LISICON,10.1023/a:1026135806929,1,D2 - 73,done,150920-ICSD,,partial occupancy corrected,,
pbz,Li3.75Ge0.75V0.25O4,4,Li15.0Ge3.0V1.0O16.0,5.66E-06,,,Pnma,62,10.896,6.2516,5.1571,90,90,90,LISICON,10.1023/a:1026135806929,1,D2 - 73,done,150918-ICSD,,partial occupancy corrected,,
nua,Li(LaTiO4),2,Li2.0La2.0Ti2.0O8.0,1.00E-15,,,P4/nmm ,129,3.77,3.77,12.076,90,90,90,perovskites,10.4028/www.scientific.net/msf.321-324.965,1,D2 - 99,done,91843-ICSD,,,,
3rx,Li(NdTiO4),2,Li2.0Nd2.0Ti2.0O8.0,1.00E-15,,,P4/nmm ,129,3.7465,3.7465,11.895,90,90,90,perovskites,10.4028/www.scientific.net/msf.321-324.965,1,D2 - 99,done,91844-ICSD,,,,
lkm,Li6Ge2O7,4,Li24.0Ge8.0O28.0,8.50E-07,,,P21/c,14,8.071,5.304,14.223,90,92.9,90,,10.4028/www.scientific.net/msf.76.107,1,D2 - 31,done,31050-ICSD,,,,
joc,Li3PS4,2,Li6.0P2.0S8.0,2.60E-07,,,Pmn21,31,7.70829,6.53521,6.1365,90,90,90,thio-LISICON,10.1021/ja3110895,1,D2 - 52,done,180318-ICSD,,,,
nhq,Li3PS4,4,Li12.0P4.0S16.0,8.93E-07,,,Pnma,62,13.066,8.015,6.101,90,90,90,thio-LISICON,10.1021/ja3110895,1,D2 - 52,done,180319-ICSD,,lattice parameters not matching cif,,
hx7,Li2(OH)Br,1,Li2.0O1.0H1.0Br1.0,1.20E-06,,,Pm-3m,221,4.056,4.056,4.056,90,90,90,antiperovskite,10.1002/ange.201604554,1,D2 - 184,done,,,,Yes,10.1016/0022-5088(81)90132-6
ueu,Li5.74La3Zr1.5Ta0.5O12,8,Li45.92La24.0Zr12.0Ta4.0O96.0,0.000903,,,Ia-3d ,230,12.93,12.93,12.93,90,90,90,garnet,10.1002/aenm.201570062|10.1002/aenm.201500096,1,D2 - 228,done,ICSD ,,,,
uwh,La3Li5.08Ta1.51Zr0.39O12,8,La24.0Li40.64Ta12.08Zr3.12O96.0,0.000103,,,Ia-3d ,230,12.84,12.84,12.84,90,90,90,garnet,10.1002/aenm.201570062|10.1002/aenm.201500096,1,D2 - 228,done,ICSD ,,,,
472,Li14Nd5(Si11N19O5)O2F2,2,Li28.0Nd10.0Si22.0N38.0O14.0F4.0,1.70E-10,,,Pmmn,59,17.126,7.6155,10.123,90,90,90,nitridosilicates,10.1021/ja302255d,1,D2 - 65,done,appendix; 262923-ICSD,,,,
gvd,Li3N,1,Li3.0N1.0,0.0005767,,,P6/mmm ,191,3.648,3.648,3.875,90,90,120,nitrides,10.1039/c0ee00052c,1,D2 - 154,done,ICSD not the same paper,,,,
dmq,Li3AlS3,8,Li24.0Al8.0S24.0,1.31E-08,,,C2/c,15,14.31901,11.98037,6.627,90,116.9231,90,sulfides,10.1021/acs.chemmater.9b03230,1,D1 - 913,done,appendix,,,,
97b,Li0.9Sc0.9Zr0.1O2,4,Li3.6Sc3.6Zr0.4O8.0,1.00E-15,,, I41/amd,141,4.1804,4.1804,9.4186,90,90,90,oxides,10.2320/matertrans.y-m2016816,1,D2 - 117,done,257820-ICSD,,ICSD request,,
sg0,LiScO2,4,Li4.0Sc4.0O8.0,1.00E-15,,, I41/amd,141,4.1791,4.1791,9.361,90,90,90,oxides,10.2320/matertrans.y-m2016816,1,D2 - 117;D2 - 33,done,257819-ICSD,,ICSD request,,
lrh,Li2.5V2(PO4)3,4,Li10.0V8.0P12.0O48.0,1.90E-07,,,P21/c,14,8.45678,8.62076,11.89577,90,90.2366,90,NASICON,10.1021/cm034802f,1,D2 - 37,done,240268-ICSD,,,,
72f,(Li6.26Al0.24)La3Zr2O12,8,Li50.08Al1.92La24.0Zr16.0O96.0,0.00021,,,Ia-3d ,230,12.96328,12.96328,12.96328,90,90,90,garnet,10.1016/j.ssi.2015.04.011,1,D2 - 224,done,ICSD ,,,,
kbq,Li5La3Bi2O12,8,Li40.0La24.0Bi16.0O96.0,1.90E-05,1.90E-05,4.00E-05,Ia-3d ,230,13.0652,13.0652,13.0652,90,90,90,garnet,10.1016/j.mseb.2007.07.009,1,D2 - 213,done,ICSD ,,,,
uw9,Li6La2SrBi2O12,8,Li48.0La16.0Sr8.0Bi16.0O96.0,2.00E-05,2.00E-05,5.20E-05,Ia-3d ,230,13.0893,13.0893,13.0893,90,90,90,garnet,10.1016/j.mseb.2007.07.009,1,D2 - 213,done,ICSD ,,,,
tbj,Li5La3Sb2O12,8,Li40.0La24.0Sb16.0O96.0,3.33E-06,,,Ia-3d ,230,12.84665,12.84665,12.84665,90,90,90,garnet,10.1016/j.ssi.2008.01.002,1,D2 - 217; D1 - 890,done,ICSD ,,duplicate with line 536,,
xog,Li5La3Sb2O12,8,Li40.0La24.0Sb16.0O96.0,7.80E-06,7.80E-06,8.20E-06,Ia-3d ,230,12.8566,12.8566,12.8566,90,90,90,garnet,10.1016/j.materresbull.2007.10.035,1,D2 - 216,done,ICSD ,,,,
bi3,Li6SrLa2Sb2O12,8,Li48.0Sr8.0La16.0Sb16.0O96.0,6.30E-06,6.30E-06,6.60E-06,Ia-3d ,230,12.8933,12.8933,12.8933,90,90,90,garnet,10.1016/j.materresbull.2007.10.035,1,D2 - 216,done,ICSD ,,,,
lol,Li4PS4I,2,Li8.0P2.0S8.0I2.0,0.00012,,,P4/nmm ,129,8.48284,8.48284,5.93013,90,90,90,thio-LISICON,10.1021/acs.chemmater.7b00013,1,D2 - 101,done,,,appendix: diffraction data available,,
sib,La0.63Li0.11(Mg0.5W0.5)O3,4,La2.52Li0.44Mg2.0W2.0O12.0,6.80E-06,,,P4/nmm ,129,5.534,5.534,7.903,90,90,90,perovskites,10.1016/j.ssi.2004.05.010,1,D2 - 100,done,151901-ICSD,,partial occupancy corrected,,
7e5,La0.65Li0.05(Mg0.5W0.5)O3,4,La2.6Li0.2Mg2.0W2.0O12.0,1.80E-07,,,P4/nmm ,129,5.533,5.533,7.903,90,90,90,perovskites,10.1016/j.ssi.2004.05.010,1,D2 - 100,done,151900-ICSD,,partial occupancy corrected,,
r99,La0.62 Li0.14(Mg0.5W0.5)O3,4,La2.48Li0.56Mg2.0W2.0O12.0,1.20E-05,,,P4/nmm ,129,5.533,5.533,7.903,90,90,90,perovskites,10.1016/j.ssi.2004.05.010,1,D2 - 100,done,151902-ICSD,,partial occupancy corrected,,
l9v,Li3AlF6,12,Li36.0Al12.0F72.0,5.00E-07,,,C2/c,15,14.201,8.387,9.861,90,94.07,90,fluorides,10.1149/2.012206eel,1,D2 - 42,done,85171-ICSD,,ball milled conducvitity; structure may be different ,,
u8r,Ba3LiTa5ZrSi4O26,1,Ba3.0Li1.0Ta5.0Zr1.0Si4.0O26.0,1.00E-15,,,P-62m,189,9.0495,9.0495,7.8198,90,90,120,oxides,10.1016/j.ssi.2015.08.011,1,D2 - 153,done,ICSD ,,,,
4kt,Li2CrCl4,4,Li8.0Cr4.0Cl16.0,1.00E-15,,,C2/c,15,7.446,10.162,10.172,90,90,132.11,halides,10.1016/0022-4596(88)90301-5,1,D2 - 49,done,202627-ICSD,,,,
fwz,Li2SiS3,4,Li8.0Si4.0S12.0,2.00E-06,,,Cmc21,36,6.735,11.664,5.926,90,90,90,thio-LISICON,10.1016/0025-5408(89)90053-6,1,D1 - 764; D2 - 15,done,,,appendix: diffraction data available,Yes,mp-1210789
dvn,Li2MgCl4,8,Li16.0Mg8.0Cl32.0,6.24E-07,,,Fd-3m,227,10.416,10.416,10.416,90,90,90,chlorides,10.1016/0167-2738(83)90223-0,1,D2 - 166,done,ICSD not the same paper,,,Yes,10.1002/zaac.19946200505
yav,Li2VCl4,4,Li8.0V4.0Cl16.0,6.95E-06,,,F-43m,216,10.377,10.377,10.377,90,90,90,cholorides,10.1016/0167-2738(83)90223-0,1,D2 - 166,done,ICSD not the same paper,,,Yes,10.1002/zaac.19946200505
bjw,Li2MnCl4,8,Li16.0Mn8.0Cl32.0,4.79E-06,,,Fd-3m,227,10.481,10.481,10.481,90,90,90,chlorides,10.1016/0167-2738(83)90223-0,1,D2 - 166,done,ICSD not the same paper,,,Yes,ICSD-69678
0iv,Li4P2S6,1,Li4.0P2.0S6.0,2.38E-07,,,P-31m,162,6.075,6.075,6.595,90,90,120,thio-phosphate,10.1016/j.ssi.2015.10.015,1,D2 - 127,done,appendix of D2-128; 242170-ICSD,,,Yes,10.1021/acs.chemmater.6b04175
20k,Li6(La2Sr)(NbO6)2,8,Li48.0La16.0Sr8.0Nb16.0O96.0,3.69E-06,,,Ia-3d ,230,12.83078,12.83078,12.83078,90,90,90,garnet,10.1016/j.ssi.2008.01.047,1,D2 - 217; D1 - 890,done,ICSD ,,"Value for annealed, quenched also available: 6.2e-7",,
gcj,Li6(La2Ca)(NbO6)2,8,Li48.0La16.0Ca8.0Nb16.0O96.0,1.33E-06,,,Ia-3d ,230,12.72185,12.72185,12.72185,90,90,90,garnet,10.1016/j.ssi.2008.01.047,1,D2 - 217; D1 - 890,done,ICSD ,,,,
tka,LiSi2N3,4,Li4.0Si8.0N12.0,6.17E-08,,,Cmc21,36,9.186,5.302,4.776,90,90,90,nitride,10.1016/0167-2738(87)90119-6,1,D2 - 56,done,34118-ICSD,,,,
qbb,Li3OBr,1,Li3.0O1.0Br1.0,1.10E-06,,,Pm-3m,221,4.05,4.05,4.05,90,90,90,antiperovskite,10.1016/j.ssi.2015.11.027,1,D2 - 195,done,,,,Yes,10.1515/znb-1989-1103
bsa,LiGaO2,4,Li4.0Ga4.0O8.0,2.40E-14,,,Pna21,33,5.402,6.372,5.007,90,90,90,oxides,10.1007/bf00549810,1,D2 - 53,done,18152-ICSD,,check cif file matching,,
kkn,Li6NBr3,4,Li24.0N4.0Br12.0,1.00E-08,,,Fm-3m,225,8.9334,8.9334,8.9334,90,90,90,halides,10.1016/j.jallcom.2015.01.082,1,D2 - 196,done,,,,Yes,10.1016/S0925-8388(97)00158-8
3uq,Li1.3Al0.3Ge1.7(PO4)3,6,Li7.8Al1.8Ge10.2P18.0O72.0,8.24E-05,,,R-3c,167,8.26189,8.26189,20.5646,90,90,120,NASICON,10.1021/acsami.8b00842,1,D2 - 133,done,263761-ICSD,downloaded,"check ID 242-247; refer D2 - 140, D2- 146, D1-421",,
ldx,LiGe2(PO4)3,6,Li6.0Ge12.0P18.0O72.0,4.83E-09,,,R-3c,167,8.27059,8.27059,20.4652,90,90,120,NASICON,10.1021/acsami.8b00842,1,D2 - 133,done,263767-ICSD,downloaded,,,
8fn,Li1.8Al0.8Ge1.2(PO4)3,6,Li10.8Al4.8Ge7.2P18.0O72.0,0.000137,,,R-3c,167,8.25004,8.25004,20.7062,90,90,120,NASICON,10.1021/acsami.8b00842,1,D2 - 133,done,263766-ICSD,downloaded,,,
gw2,Li1.4Al0.4Ge1.6(PO4)3,6,Li8.4Al2.4Ge9.6P18.0O72.0,0.000188,,,R-3c,167,8.25565,8.25565,20.6319,90,90,120,NASICON,10.1021/acsami.8b00842,1,D2 - 133,done,263762-ICSD,downloaded,,,
1dm,Li1.6Al0.6Ge1.4(PO4)3,6,Li9.6Al3.6Ge8.4P18.0O72.0,0.000284,,,R-3c,167,8.2526,8.2526,20.6831,90,90,120,NASICON,10.1021/acsami.8b00842,1,D2 - 133,done,263764-ICSD,downloaded,,,
1xf,Li1.5Al0.5Ge1.5(PO4)3,6,Li9.0Al3.0Ge9.0P18.0O72.0,0.000336,,,R-3c,167,8.25658,8.25658,20.6523,90,90,120,NASICON,10.1021/acsami.8b00842,1,D2 - 133,done,263763-ICSD,downloaded,,,
vg0,Li1.5Al0.5Ge1.5(PO4)3,6,Li9.0Al3.0Ge9.0P18.0O72.0,0.00019,,,R-3c,167,8.2828,8.2828,20.5014,90,90,120,NASICON,10.1016/j.jeurceramsoc.2014.11.023,1,D2 - 243,done,,,,Yes,10.1016/j.jallcom.2020.155878
z9y,Li1.2Al0.2Ti1.8(PO4)3,6,Li7.2Al1.2Ti10.8P18.0O72.0,0.00338,,,R-3c,167,8.502,8.502,20.818,90,90,120,NASICON,10.1016/j.jeurceramsoc.2014.11.023,1,D2 - 243,done,,,,Yes,10.1021/acs.chemmater.9b04419
my9,Li1.2Al0.2Ti1.8(PO4)3,6,Li7.2Al1.2Ti10.8P18.0O72.0,0.000595,,,R-3c,167,8.5042,8.5042,20.8252,90,90,120,NASICON,10.1149/1.2086597,1,D2 - 134,done,,,,Yes,10.1016/j.solidstatesciences.2016.08.011
xa0,Li1.5Al0.5Ti1.5(PO4)3,6,Li9.0Al3.0Ti9.0P18.0O72.0,0.000248,,,R-3c,167,8.4935,8.4935,20.7994,90,90,120,NASICON,10.1149/1.2086597,1,D2 - 134,done,,,,Yes,10.1016/j.ssi.2019.115192
9s4,Li1.3Al0.3Ti1.7(PO4)3,6,Li7.8Al1.8Ti10.2P18.0O72.0,0.000722,,,R-3c,167,8.5004,8.5004,20.8156,90,90,120,NASICON,10.1149/1.2086597,1,D2 - 134,done,,,,Yes,10.1021/acs.chemmater.9b04419
lap,Li1.3Al0.3Ti1.7(PO4)3,6,Li7.8Al1.8Ti10.2P18.0O72.0,0.00113,,,R-3c,167,8.5012,8.5012,20.8416,90,90,120,NASICON,10.1016/j.ssi.2012.03.045,1,D2 - 144,done,,,,Yes,10.1021/acs.chemmater.9b04419
iqt,Li1.4Al0.4Ti1.6(PO4)3,6,Li8.4Al2.4Ti9.6P18.0O72.0,0.000388,,,R-3c,167,8.4955,8.4955,20.7992,90,90,120,NASICON,10.1149/1.2086597,1,D2 - 134,done,,,,Yes,10.1016/j.ssi.2019.115192
pg8,Li1.5Fe0.5Ti1.5(PO4)3,6,Li9.0Fe3.0Ti9.0P18.0O72.0,0.000174,,,R-3c,167,8.5367,8.5367,20.8932,90,90,120,NASICON,10.1149/1.2086597,1,D2 - 134,done,,,,Yes,10.1039/b312865b
mg4,Li1.3Al0.3Ti1.7(PO4)3,6,Li7.8Al1.8Ti10.2P18.0O72.0,0.0062,,,R-3c,167,8.4941,8.4941,20.8586,90,90,120,NASICON,10.1016/j.ssi.2014.07.018,1,D2 - 145,done,,,composition should be corrected,Yes,10.1016/j.jallcom.2020.155878
yq2,Li1.1Al0.1Ti1.9(PO4)3,6,Li6.6Al0.6Ti11.4P18.0O72.0,3.00E-05,,,R-3c,167,8.508,8.508,20.855,90,90,120,NASICON,10.1016/s0955-2219(99)00055-2,1,D1 - 401; D1 - 426,done,,,,Yes,10.1016/j.solidstatesciences.2016.08.011
ym6,Li1.3Al0.3Ti1.7(PO4)3,6,Li7.8Al1.8Ti10.2P18.0O72.0,0.00121,,,R-3c,167,8.5033,8.5033,20.8312,90,90,120,NASICON,10.1016/j.ssi.2014.07.018|10.1016/j.ssi.2016.07.010,0,,done,,,,Yes,10.1016/j.ssi.2019.115192
kab,Li1.3Al0.3Ti1.7(PO4)3,6,Li7.8Al1.8Ti10.2P18.0O72.0,3.75E-05,,,R-3c,167,8.498,8.498,20.896,90,90,120,NASICON,10.1016/S0955-2219(99)00055-2,1,D1 - 401; D1 - 426,done,,,,Yes,10.1021/acs.chemmater.9b04419
qno,LiTi2(PO4)3,6,Li6.0Ti12.0P18.0O72.0,3.83E-07,,,R-3c,167,8.509,8.509,20.853,90,90,120,NASICON,10.1021/jp973296c,0,,done,,,,Yes,10.1021/ic400577v
019,LiTi2(PO4)3,6,Li6.0Ti12.0P18.0O72.0,0.000161,,, R-3,148,8.5112,8.5112,20.8479,90,90,120,NASICON,10.1021/ic400577v,1,D2 - 124,done,118128-ICSD ,,,,
yqu,Li1.2Ti1.8Al0.2(PO4)3,6,Li7.2Ti10.8Al1.2P18.0O72.0,0.00482,,, R-3,148,8.502,8.502,20.818,90,90,120,NASICON,10.1021/ic400577v,1,D2 - 124,done,118133-ICSD ,,"true formula for lattice params is  Li1.17(Ti1.83Al0.17)(PO4)3, IC at Li1.2",,
rr5,LiTi2(PO4)3,6,Li6.0Ti12.0P18.0O72.0,7.20E-05,,,R-3c,167,8.5135,8.5135,20.8705,90,90,120,NASICON,10.1007/s11164-013-1348-0,1,D1 - 312,done,,,,Yes,10.1039/b203652p
4ba,LiGe2(PO4)3,6,Li6.0Ge12.0P18.0O72.0,3.33E-07,,,R-3c,167,8.287,8.287,20.475,90,90,120,NASICON,10.1002/chin.199345017,1,D2 -2,done,,,Precision of IC is not good non linear extrapolation,Yes,10.1016/0022-4596(91)90134-4
0fh,Li1.2Al0.2Ge1.8(PO4)3,6,Li7.2Al1.2Ge10.8P18.0O72.0,4.83E-05,,,R-3c,167,8.2619,8.2619,20.5656,90,90,120,NASICON,10.1021/acsami.8b00842,1,D2 - 133,done,263760-ICSD,downloaded,,,
tjh,Li1.7Al0.7Ge1.3(PO4)3,6,Li10.2Al4.2Ge7.8P18.0O72.0,0.000264,,,R-3c,167,8.25247,8.25247,20.6936,90,90,120,NASICON,10.1021/acsami.8b00842,1,D2 - 133,done,263765-ICSD,downloaded,,,
tvf,Li3(NH2)2I,4,Li12.0N8.0H16.0I4.0,1.00E-05,,,P63mc ,186,7.09109,7.09109,11.50958,90,90,120,hydrides,10.1021/cm1006857,1,D2 - 152,done,ICSD ,downloaded,,,
uu4,LiVO3,8,Li8.0V8.0O24.0,2.05E-09,,,C2/c,15,10.1597,8.4155,5.8843,90,110.505,90,oxides,10.1006/jssc.2000.9009,1,D2 - 48,done,51443-ICSD,,,,
b4c,Li4SiS4,2,Li8.0Si2.0S8.0,1.59E-08,,,P21/m,11,6.8934,7.7675,6.1241,90,91.225,90,thio-LISICON,10.1006/jssc.2002.9701,1,D2 - 18,done,59708-ICSD,,,,
oi6,Li7SbO6,1,Li7.0Sb1.0O6.0,6.70E-08,,,P -1,2,5.4307,5.8916,5.385,116.748,119.63,62.779,hexaoxometalates,10.1021/ic030208w,1,D2 - 3,done,413370-ICSD,,partial occupancy not correct,,
jqc,Li7BiO6,1,Li7.0Bi1.0O6.0,1.58E-06,,,P -1,2,5.5071,6.0425,5.5231,116.912,120.867,62.234,hexaoxometalates,10.1002/zaac.200500231,1,D2 - 3,done,155950-ICSD,,partial occupancy not correct,,
6l9,Li4B7O12Cl,8,Li32.0B56.0O96.0Cl8.0,2.00E-06,2.00E-06,,F-43c,219,12.167,12.167,12.167,90,90,90,boracites,10.1107/s0567740877009443,1,D2 - 179; D1 - 730,done,ICSD ,,,,
pe2,Li17Sb13S28,1,Li17.0Sb13.0S28.0,1.05E-09,,,C2/m ,12,12.7298,11.5837,9.2251,90,119.55,90,,10.1002/chem.201502052,1,D2 - 24,done,429902-ICSD,,partial occupancy corrected,,
9lo,Li3PO4,4,Li12.0P4.0O16.0,1.75E-13,,,Pnma,62,10.4772,6.1179,4.9297,90,90,90,LISICON,10.1021/acs.chemmater.8b01504,1,D1- 541,done,refer 79427-ICSD,,,Yes,ICSD-77095
w7d,Li3PO4,4,Li12.0P4.0O16.0,4.20E-18,,,Pnma,62,6.1113,10.4612,4.9208,90,90,90,LISICON,10.1006/jssc.1995.1140,1,D2 - 70,done,79427-ICSD,,,,
uxo,Li2.88PO3.73N0.14,4,Li11.52P4.0O14.92N0.56,1.40E-13,,,Pnma,62,6.1153,10.469,4.9195,90,90,90,LISICON,10.1006/jssc.1995.1140,0,D2 - 70,done,,,refer 79426-ICSD; po information is missing,,
h6c,Li3VO4,2,Li6.0V2.0O8.0,9.20E-14,,,Pmn21,31,6.3278,5.4448,4.9467,90,90,90,LISICON,10.1021/acs.chemmater.8b01504,1,D1 - 541,done,,,,Yes,10.1016/S0022-4596(73)80012-X
dth,Li4GeO4,4,Li16.0Ge4.0O16.0,1.30E-12,,,Cmcm,63,7.7661,7.3645,6.0555,90,90,90,LISICON,10.1021/acs.chemmater.8b01504,1,D1- 541,done,,,,Yes,10.1002/zaac.19875551213
ur9,LiZr2(PO4)3,6,Li6.0Zr12.0P18.0O72.0,1.00E-09,,,R-3c,167,8.847,8.847,22.24,90,90,120,NASICON,10.1016/0025-5408(86)90194-7,1,D2 -2,done,,,,,
2t8,LiV(PO4)F,2,Li2.0V2.0P2.0O8.0F2.0,8.10E-07,,,P -1,2,5.3115,7.2617,5.1744,107.934,98.444,107.547,Tavorite,10.1016/j.ssi.2013.04.002,1,D2 - 6,done,,,appendix: diffraction data available,,
ga9,LiCe(BH4)3Cl,8,Li8.0Ce8.0B24.0H96.0Cl8.0,0.000103,,,I-43m,217,11.72,11.72,11.72,90,90,90,argyrodites,10.1021/cm300792t,1,D2 - 178,done,appendix; ICSD,,,,
fft,Li3N,2,Li6.0N2.0,0.0002085,,,P63/mmc,194,3.552,3.552,6.311,90,90,120,nitrides,10.1016/0167-2738(83)90045-0,1,D2 - 155,done,ICSD not the same paper,,,,
1e9,Li3SbS3,4,Li12.0Sb4.0S12.0,1.00E-09,,,Pna21,33,7.9671,6.7883,10.0912,90,90,90,sulfides,10.1002/zaac.201200277,1,D2 - 55_II,done,424834-ICSD,,,,
hja,(Li0.5Ce0.25Pr0.25)(MoO4),4,Li2.0Ce1.0Pr1.0Mo4.0O16.0,1.00E-09,,,I41/a ,88,5.284,5.284,11.5763,90,90,90,molybdates,10.1007/s12039-011-0068-5,1,D2 - 91,done,186451-ICSD,,partial occupancy corrected,,
xz4,(Li0.5Ce0.5)(MoO4),4,Li2.0Ce2.0Mo4.0O16.0,1.30E-08,,,I41/a ,88,5.2943,5.2943,11.6254,90,90,90,molybdates,10.1007/s12039-011-0068-5,1,D2 - 91,done,186450-ICSD,,partial occupancy corrected,,
3nb,(Li0.5Ce0.25Sm0.25)(MoO4),4,Li2.0Ce1.0Sm1.0Mo4.0O16.0,1.80E-10,,,I41/a ,88,5.2546,5.2546,11.5052,90,90,90,molybdates,10.1007/s12039-011-0068-5,1,D2 - 91,done,186452-ICSD,,partial occupancy corrected,,
dc8,Li9Mg3(PO4)4F3,2,Li18.0Mg6.0P8.0O32.0F6.0,1.00E-15,,,P63,173,12.6159,12.6159,5.0082,90,90,120,fluorophosphates,10.1039/c3ta15264b,1,D2 - 148,done,appendix; ICSD,downloaded,,,
opo,Li0.6[Li0.2Sn0.8S2],6,Li4.8Sn4.8S12.0,0.00012,,,C2/m ,12,19.217,3.6996,6.529,90,109.056,90,layered,10.1039/c6ee00633g,1,D2 - 22,done,appendix,,,,
9ph,Li0.19La0.67(Ti0.9Co0.1)O3,4,Li0.76La2.68Ti3.6Co0.4O12.0,0.000108,,,Fm-3m,225,7.7722,7.7722,7.7722,90,90,90,perovskites,10.1016/j.mseb.2004.07.003,1,D2 - 182,done,ICSD ,,,,
gas,Li0.31La0.63(Ti0.9Co0.1)O3,1,Li0.31La0.63Ti0.9Co0.1O3.0,0.00026,,,Pm-3m,221,3.8845,3.8845,3.8845,90,90,90,perovskites,10.1016/j.mseb.2004.07.003,1,D2 - 182,done,ICSD ,,,,
9wf,Li3ErI6,4,Li12.0Er4.0I24.0,0.00065,,,C2/c,15,7.413,12.836,14.2,90,100.01,90,halides,10.1021/acsaem.0c00147,1,D2 - 50,done,,,"appendix: diffraction data available, D_0 calculation",,
z7n,Li0.86Hf2.035(PO4)3,6,Li5.16Hf12.21P18.0O72.0,9.20E-08,,,R-3c,167,8.8306,8.8306,22.027,90,90,120,NASICON,10.1021/cm970078n,0,,done,,,double check with ID 11,,
ix1,Li0.91Hf2.022(PO4)3,6,Li5.46Hf12.13P18.0O72.0,3.20E-07,,,R-3c,167,8.8306,8.8306,22.027,90,90,120,NASICON,10.1021/cm970078n,0,D2 - 11,done,83501-ICSD,,true formula: Hf2.032 Li0.87 O12 P3;  partial occupancy corrected,,
mde,LiB6O9F,4,Li4.0B24.0O36.0F4.0,1.00E-15,,,Pna21,33,7.65545,8.53175,10.7894,90,90,90,fluorooxoborate,10.1002/zaac.200900056,1,D2 - 54,done,420286-ICSD,,,,
95j,Li3AlH6,6,Li18.0Al6.0H36.0,1.40E-07,,, R-3,148,8.07117,8.07117,9.513,90,90,120,hydrides,10.1063/1.3356981,1,D1 - 727,done,96266-ICSD,,,,
883,LiAlH4,4,Li4.0Al4.0H16.0,8.70E-09,,,P21/c,14,4.8254,7.804,7.8968,90,112.268,90,hydrides,10.1063/1.3356981,1,D1 - 727,done,95202-ICSD,,,,
11b,Li3P,2,Li6.0P2.0,0.000703,,,P63/mmc,194,4.273,4.273,7.594,90,90,120,phosphates,10.1016/0167-2738(89)90438-4,1,D2 - 157,done,ICSD ,,,,
an2,Li6SiO4Cl2,4,Li24.0Si4.0O16.0Cl8.0,1.00E-10,,,Pna21,33,10.5204,6.0756,9.953,90,90,90,argyrodite,10.1021/acs.chemmater.1c00157,1,D1 - 915,done,appendix,,,,
y2l,Li5AlS4,2,Li10.0Al2.0S8.0,1.40E-09,,,P21/m,11,6.8583,7.8369,6.2488,90,90.333,90,thio-LISICON,10.1016/j.jssc.2017.09.018,1,D1 - 901,done,433369-ICSD,,,,
9zk,Li5GaO4,8,Li40.0Ga8.0O32.0,5.00E-09,,,Pbca,61,9.173,9.094,9.202,90,90,90,oxides,10.1016/0025-5408(76)90169-0,1,D2 - 64,done,9082-ICSD,,,,
5z0,Li5AlO4,8,Li40.0Al8.0O32.0,5.00E-10,,,Pbca,61,9.08,8.94,9.13,90,90,90,oxides,10.1016/0025-5408(76)90169-0,1,D2 - 64,done,42697-ICSD,,,Yes,10.1002/zaac.19713800303
9ky,Li(Ti0.6Sn1.4)(PO4)3,6,Li6.0Ti3.6Sn8.4P18.0O72.0,9.42E-06,,,R-3c,167,8.5983,8.5983,21.2868,90,90,120,NASICON,10.1016/j.physb.2011.11.006,1,D2 - 135,done,183676-ICSD,,partial occupancy corrected,,
h7r,Li(Ti1.4Sn0.6)(PO4)3,6,Li6.0Ti8.4Sn3.6P18.0O72.0,2.28E-05,,,R-3c,167,8.5491,8.5491,21.0473,90,90,120,NASICON,10.1016/j.physb.2011.11.006,1,D2 - 135,done,183672-ICSD,,partial occupancy corrected,,
4ea,Li(Ti0.4Sn1.6)(PO4)3,6,Li6.0Ti2.4Sn9.6P18.0O72.0,3.15E-06,,,R-3c,167,8.6121,8.6121,21.3574,90,90,120,NASICON,10.1016/j.physb.2011.11.006,1,D2 - 135,done,183677-ICSD,,partial occupancy corrected,,
s3h,La0.5Li0.5TiO3,2,La1.0Li1.0Ti2.0O6.0,0.000925,,,P4/mmm,123,3.8688,3.86885,7.7462,90,90,90,perovskites,10.1016/s0167-2738(00)00761-x,1,D2 - 59,done,92237-ICSD,,,,
u2y,La0.595Li0.215TiO3,2,La1.19Li0.43Ti2.0O6.0,0.000853,,,Pmmm,47,3.8671,3.8654,7.7727,90,90,90,perovskites,10.1016/s0167-2738(00)00761-x,1,D2 - 59,done,92234-ICSD,,,,
5tl,La0.62Li0.14TiO3,2,La1.24Li0.28Ti2.0O6.0,0.000442,,,Pmmm,47,3.8757,3.8655,7.7845,90,90,90,perovskites,10.1016/s0167-2738(00)00761-x,1,D2 - 59,done,92231-ICSD,,,,
hta,La0.565Li0.305TiO3,2,La1.13Li0.61Ti2.0O6.0,0.000957,,,P4/mmm,123,3.8727,3.8727,7.751,90,90,90,perovskites,10.1016/s0167-2738(00)00761-x,1,D2 - 59,done,92235-ICSD,,,,
cy2,La0.64Li0.08TiO3,2,La1.28Li0.16Ti2.0O6.0,0.000335,,,Pmmm,47,3.8753,3.8638,7.7901,90,90,90,perovskites,10.1016/s0167-2738(00)00761-x,1,D2 - 59,done,92228-ICSD,,,,
n27,LiBO2,4,Li4.0B4.0O8.0,1.00E-08,,,P21/c,14,5.845,4.353,6.454,90,115.09,90,,10.1140/epjst/e2008-00753-4,1,D2 - 34,done,200891-ICSD,D2 -34_II ,"Value for nanocrystalline ceramic (16h) other values for micro, single crystal and amorphous",,
kbo,Li2Sr2Al(PO4)3,4,Li8.0Sr8.0Al4.0P12.0O48.0,1.00E-15,,,P21/c,14,4.945,22.088,8.632,90,91.47,90,NASICON,10.1016/j.jssc.2016.08.006,1,D2 - 40,done,CCDC 1790590,,,,
kmv,Li4SnS4,4,Li16.0Sn4.0S16.0,7.00E-05,,,Pnma,62,13.812,7.9624,6.367,90,90,90,Chalcogenidotetrelates,10.1021/cm3011315,1,D2 - 80,done,appendix,,,,
clt,Li6CuB4O10,1,Li6.0Cu1.0B4.0O10.0,1.00E-13,,,P -1,2,3.31218,6.68272,9.27858,78.8443,89.7596,86.6143,copper pyroborate,10.1021/acs.inorgchem.8b01785,1,D2 - 10,done,4819-ICSD,,,,
pwr,Li7.22Si1.5P0.5O8,1,Li7.22Si1.5P0.5O8.0,1.64E-07,,,P21/m,11,5.10536,6.11225,5.29671,90,90.3692,90,LISICON,10.1021/jacs.5b04444,1,D2 - 16; D1 - 568,done,238602-ICSD ,,partial occupancy corrected,,
fj5,Li6.5O8P1.5Si0.5,2,Li13.0O16.0P3.0Si1.0,4.49E-07,,,Pnma,62,10.52587,6.11525,4.97031,90,90,90,LISICON,10.1021/jacs.5b04444,1,D2 - 16,done,238600-ICSD; appendix,,partial occupancy corrected,,
240,Li8GeP4,8,Li64.0Ge8.0P32.0,8.60E-05,,,P-43n ,218,11.7831,11.7831,11.7831,90,90,90,phosphates,10.1021/acs.chemmater.8b02759,1,D2 - 161,done,ICSD ,,,,
rwr,Li8GeP4,8,Li64.0Ge8.0P32.0,1.80E-05,,,Pa-3,205,11.80203,11.80203,11.80203,90,90,90,phosphates,10.1021/acs.chemmater.8b02759,1,D2 - 161,done,appendix; ICSD,,,,
pql,Li8SiP4,8,Li64.0Si8.0P32.0,4.50E-05,,,Pa-3,205,11.70737,11.70737,11.70737,90,90,90,phosphates,10.1021/acs.chemmater.8b02759,1,D2 - 161,done,appendix; ICSD,,,,
mq1,Li3SbS4,2,Li6.0Sb2.0S8.0,4.80E-09,,,Pmn21,31,7.9645,6.8404,6.3774,90,90,90,thio-LISICON,10.1016/j.ssi.2019.01.017,1,D2 - 51,done,,,diffraction data available,,
vy5,(K0.1Li0.9)(SbO3),4,K0.4Li3.6Sb4.0O12.0,1.36E-08,,,Pn-3,201,9.681,9.681,9.681,90,90,90,oxides,10.1016/0167-2738(81)90178-8,1,D2 - 160,done,appendix; ICSD,,,,
usu,Li4.4Al0.4Sn0.6S4,2,Li8.8Al0.8Sn1.2S8.0,4.30E-06,,,P-3m1,164,8.0184,8.0184,6.2856,90,90,120,sulfides,10.1021/acs.chemmater.8b03175,1,D2 - 130,done,appendix,,,,
deu,Li4.4Al0.4Ge0.6S4,2,Li8.8Al0.8Ge1.2S8.0,4.30E-05,,,P-3m1,164,7.9496,7.9496,6.1566,90,90,120,sulfides,10.1021/acs.chemmater.8b03175,1,D2 - 130,done,appendix,,,,
e6b,Li4GeS4,4,Li16.0Ge4.0S16.0,2.00E-07,,,Pnma,62,14.07,7.75,6.15,90,90,90,thio-LISICON,10.1016/s0167-2738(00)00277-0,1,D2 - 71,done,92200-ICSD,,partial occupancy corrected,,
ia5,LiLaNb2O7,2,Li2.0La2.0Nb4.0O14.0,1.00E-15,,,I4/mmm,139,3.8798,3.8798,20.3597,90,90,90,perovskites,10.1016/0925-8388(93)90192-p,1,D2 - 114,done,72566-ICSD,,,,
kfp,Li2BaP2O7,8,Li16.0Ba8.0P16.0O56.0,1.60E-17,,,C2/c,15,7.147,12.283,14.016,90,90.49,90,pyrophosphate,10.1007/s11581-014-1261-6,1,D2 - 45,done,280927-ICSD,,,,
hai,Pb6.12Ca1.9Li1.96(PO4)6,1,Pb6.12Ca1.9Li1.96P6.0O24.0,1.00E-15,,,P63/m ,176,9.679,9.679,7.113,90,90,120,phosphates,10.1006/jssc.2002.9596,1,D2 - 149,done,59615-ICSD ,,,,
tws,Li6Zr2O7,4,Li24.0Zr8.0O28.0,5.20E-10,,,C2/c,15,10.44,5.991,10.204,90,100.25,90,zirconates,10.3103/s1062873810050199,1,D2 - 41,done,73835-ICSD,,,,
00x,LiGd(PO3)4,4,Li4.0Gd4.0P16.0O48.0,1.00E-15,,,C2/c,15,16.386,7.059,9.677,90,126.12,90,phosphates,10.1016/j.jssc.2006.06.003,1,D2 - 47,done,416442-ICSD,,,,
xas,Li2SnS3,8,Li16.0Sn8.0S24.0,1.50E-05,,,C2/c,15,6.3964,11.0864,12.4048,90,99.867,90,sulfides,10.1021/cm5037524,1,D2 - 43,done,251656-ICSD,,,,
qy4,Li3Na5(TiS4)2,4,Li12.0Na20.0Ti8.0S32.0,8.80E-06,,,C2/c,15,17.5783,9.6404,12.0796,90,133.4047,90,sulfides,10.1016/j.jssc.2008.01.023,1,D2 - 46,done,391258-ICSD,,,,
fkj,Li6.5P0.5Si0.5S5Br,4,Li26.0P2.0Si2.0S20.0Br4.0,0.00219,,,F-43m,216,10.0521,10.0521,10.0521,90,90,90,argyrodites,10.1039/c7ta08581h,1,D2 - 168,done,appendix; ICSD,,,,
x9d,Li6.125P0.875Si0.125S5Br,4,Li24.5P3.5Si0.5S20.0Br4.0,0.000902,,,F-43m,216,10.0098,10.0098,10.0098,90,90,90,argyrodites,10.1039/c7ta08581h,1,D2 - 168,done,appendix; ICSD,,,,
x2v,Li6.075P0.925Si0.075S5Br,4,Li24.3P3.7Si0.3S20.0Br4.0,0.000873,,,F-43m,216,9.9938,9.9938,9.9938,90,90,90,argyrodites,10.1039/c7ta08581h,1,D2 - 168,done,appendix; ICSD,,,,
wsd,Li6.3P0.7Si0.3S5Br,4,Li25.2P2.8Si1.2S20.0Br4.0,0.00165,,,F-43m,216,10.0521,10.0521,10.0521,90,90,90,argyrodites,10.1039/c7ta08581h,1,D2 - 168,done,appendix; ICSD,,,,
10s,Li6.35P0.65Si0.35S5Br,4,Li25.4P2.6Si1.4S20.0Br4.0,0.00234,,,F-43m,216,10.0468,10.0468,10.0468,90,90,90,argyrodites,10.1039/c7ta08581h,1,D2 - 168,done,appendix; ICSD,,,,
ish,Li6.175P0.825Si0.175S5Br,4,Li24.7P3.3Si0.7S20.0Br4.0,0.000931,,,F-43m,216,10.0193,10.0193,10.0193,90,90,90,argyrodites,10.1039/c7ta08581h,1,D2 - 168,done,appendix; ICSD,,,,
09w,Li6.05P0.95Si0.05S5Br,4,Li24.2P3.8Si0.2S20.0Br4.0,0.000437,,,F-43m,216,9.9871,9.9871,9.9871,90,90,90,argyrodites,10.1039/c7ta08581h,1,D2 - 168,done,appendix; ICSD,,,,
iiy,Li6.2P0.8Si0.2S5Br,4,Li24.8P3.2Si0.8S20.0Br4.0,0.00169,,,F-43m,216,10.024,10.024,10.024,90,90,90,argyrodites,10.1039/c7ta08581h,1,D2 - 168,done,appendix; ICSD,,,,
3zo,Li6.225P0.775Si0.225S5Br,4,Li24.9P3.1Si0.9S20.0Br4.0,0.00108,,,F-43m,216,10.0315,10.0315,10.0315,90,90,90,argyrodites,10.1039/c7ta08581h,1,D2 - 168,done,appendix; ICSD,,,,
vj7,Li6.25P0.75Si0.25S5Br,4,Li25.0P3.0Si1.0S20.0Br4.0,0.00141,,,F-43m,216,10.0365,10.0365,10.0365,90,90,90,argyrodites,10.1039/c7ta08581h,1,D2 - 168,done,appendix; ICSD,,,,
9zr,Li6PS5Br,4,Li24.0P4.0S20.0Br4.0,0.000701,,,F-43m,216,9.9773,9.9773,9.9773,90,90,90,argyrodites,10.1039/c7ta08581h,1,D2 - 167,done,ICSD ,,,,
nig,Li6PS5Br,4,Li24.0P4.0S20.0Br4.0,0.00277,,,F-43m,216,9.988,9.988,9.988,90,90,90,argyrodites,10.1021/acs.inorgchem.8b02443,1,D2 - 172,done,ICSD ,,,,
cju,Li6P(S4.6Se0.4)Br,4,Li24.0P4.0S18.4Se1.6Br4.0,0.00364,,,F-43m,216,10.0079,10.0079,10.0079,90,90,90,argyrodites,10.1021/acs.inorgchem.8b02443,1,D2 - 172,done,ICSD ,,,,
hbz,Li6P(S4.8Se0.2)Br,4,Li24.0P4.0S19.2Se0.8Br4.0,0.00392,,,F-43m,216,9.9946,9.9946,9.9946,90,90,90,argyrodites,10.1021/acs.inorgchem.8b02443,1,D2 - 172,done,ICSD ,,,,
96f,Li6P(S4.4Se0.6)Br,4,Li24.0P4.0S17.6Se2.4Br4.0,0.00278,,,F-43m,216,10.0259,10.0259,10.0259,90,90,90,argyrodites,10.1021/acs.inorgchem.8b02443,1,D2 - 172,done,ICSD ,,,,
uut,Li6P(S4.7Se0.3)Br,4,Li24.0P4.0S18.8Se1.2Br4.0,0.00362,,,F-43m,216,9.9974,9.9974,9.9974,90,90,90,argyrodites,10.1021/acs.inorgchem.8b02443,1,D2 - 172,done,ICSD ,,,,
1kq,Li6P(S4.3Se0.7)Br,4,Li24.0P4.0S17.2Se2.8Br4.0,0.00301,,,F-43m,216,10.0265,10.0265,10.0265,90,90,90,argyrodites,10.1021/acs.inorgchem.8b02443,1,D2 - 172,done,ICSD ,,,,
c6e,Li6P(S4.2Se0.8)Br,4,Li24.0P4.0S16.8Se3.2Br4.0,0.00348,,,F-43m,216,10.0332,10.0332,10.0332,90,90,90,argyrodites,10.1021/acs.inorgchem.8b02443,1,D2 - 172,done,ICSD ,,,,
dlj,Li6P(S4Se)Br,4,Li24.0P4.0S16.0Se4.0Br4.0,0.00361,,,F-43m,216,10.0522,10.0522,10.0522,90,90,90,argyrodites,10.1021/acs.inorgchem.8b02443,1,D2 - 172,done,ICSD ,,,,
t2c,Li6P(S4.1Se0.9)Br,4,Li24.0P4.0S16.4Se3.6Br4.0,0.00382,,,F-43m,216,10.0418,10.0418,10.0418,90,90,90,argyrodites,10.1021/acs.inorgchem.8b02443,1,D2 - 172,done,ICSD ,,,,
z16,Li6P(S4.9Se0.1)Br,4,Li24.0P4.0S19.6Se0.4Br4.0,0.0032,,,F-43m,216,9.9902,9.9902,9.9902,90,90,90,argyrodites,10.1021/acs.inorgchem.8b02443,1,D2 - 172,done,ICSD ,,,,
d9l,Li6P(S4.5Se0.5)Br,4,Li24.0P4.0S18.0Se2.0Br4.0,0.00268,,,F-43m,216,10.0176,10.0176,10.0176,90,90,90,argyrodites,10.1021/acs.inorgchem.8b02443,1,D2 - 172,done,ICSD ,,,,
w87,Li6PS5Br,4,Li24.0P4.0S20.0Br4.0,3.20E-05,,,F-43m,216,9.98,9.98,9.98,90,90,90,argyrodites,10.1002/pssa.201001117,1,D2 - 174,done,ICSD not the same paper,,,Yes,10.1021/acs.inorgchem.0c01504
p9u,Li6PS5I,4,Li24.0P4.0S20.0I4.0,0.00022,,,F-43m,216,10.142,10.142,10.142,90,90,90,argyrodites,10.1002/pssa.201001117,1,D2 - 174,done,ICSD not the same paper,,,Yes,10.1021/jacs.7b06327
ywe,Li6PS5I,4,Li24.0P4.0S20.0I4.0,1.30E-06,,,F-43m,216,10.181,10.181,10.181,90,90,90,argyrodites,10.1021/jacs.7b06327,1,D2 - 167,done,ICSD ,,,,
h82,Li6PS5Br0.25I0.75,4,Li24.0P4.0S20.0Br1.0I3.0,4.72E-06,,,F-43m,216,10.1108,10.1108,10.1108,90,90,90,argyrodites,10.1021/jacs.7b06327,1,D2 - 167,done,ICSD ,,,,
vqj,Li6PS5Br0.75I0.25,4,Li24.0P4.0S20.0Br3.0I1.0,0.000112,,,F-43m,216,10.0336,10.0336,10.0336,90,90,90,argyrodites,10.1021/jacs.7b06327,1,D2 - 167,done,ICSD ,,,,
9yt,Li6PS5Cl0.25Br0.75,4,Li24.0P4.0S20.0Cl1.0Br3.0,0.00186,,,F-43m,216,9.953,9.953,9.953,90,90,90,argyrodites,10.1021/jacs.7b06327,1,D2 - 167,done,ICSD ,,,,
ij5,Li6PS5Cl0.5Br0.5,4,Li24.0P4.0S20.0Cl2.0Br2.0,0.00333,,,F-43m,216,9.952,9.952,9.952,90,90,90,argyrodites,10.1021/jacs.7b06327,1,D2 - 167,done,ICSD ,,,,
ymc,Li6PS5Br0.5I0.5,4,Li24.0P4.0S20.0Br2.0I2.0,2.62E-05,,,F-43m,216,10.109,10.109,10.109,90,90,90,argyrodites,10.1021/jacs.7b06327,1,D2 - 167,done,ICSD ,,,,
kgl,Li6PS5Cl0.75Br0.25,4,Li24.0P4.0S20.0Cl3.0Br1.0,0.00226,,,F-43m,216,9.8911,9.8911,9.8911,90,90,90,argyrodites,10.1021/jacs.7b06327,1,D2 - 167,done,ICSD ,,,,
6jf,Li6PS5Br,4,Li24.0P4.0S20.0Br4.0,0.00115,,,F-43m,216,10.02,10.02,10.02,90,90,90,argyrodites,10.1021/jacs.7b06327,1,D2 - 167,done,ICSD ,,,,
122,Li6PS5Cl,4,Li24.0P4.0S20.0Cl4.0,0.00205,,,F-43m,216,9.898,9.898,9.898,90,90,90,argyrodites,10.1021/jacs.7b06327,1,D2 - 167,done,ICSD ,,,,
97p,Li6PS5Cl,4,Li24.0P4.0S20.0Cl4.0,3.30E-05,,,F-43m,216,9.85,9.85,9.85,90,90,90,argyrodites,10.1002/pssa.201001117,1,D2 - 174,done,ICSD not the same paper,,,Yes,10.1021/acs.inorgchem.0c01504
5wz,Li6PS5I,4,Li24.0P4.0S20.0I4.0,1.26E-06,,,F-43m,216,10.14516,10.14516,10.14516,90,90,90,argyrodites,10.1021/jacs.8b10282,1,D2 - 175,done,,,appendix: diffraction data available,Yes,10.1002/anie.200703900
lxk,Li6.7P0.3Ge0.7S5I,4,Li26.8P1.2Ge2.8S20.0I4.0,0.00554,,,F-43m,216,10.2851,10.2851,10.2851,90,90,90,argyrodites,10.1021/jacs.8b10282,1,D2 - 175,done,,,appendix: diffraction data available,,
1m8,Li6.8P0.2Ge0.8S5I,4,Li27.2P0.8Ge3.2S20.0I4.0,0.00258,,,F-43m,216,10.2998,10.2998,10.2998,90,90,90,argyrodites,10.1021/jacs.8b10282,1,D2 - 175,done,,,appendix: diffraction data available,,
pa1,Li6.6P0.4Ge0.6S5I,4,Li26.4P1.6Ge2.4S20.0I4.0,0.00521,,,F-43m,216,10.24314,10.24314,10.24314,90,90,90,argyrodites,10.1021/jacs.8b10282,1,D2 - 175,done,,,appendix: diffraction data available,Yes,10.1021/jacs.1c11571
a8v,Li6.025P0.975Si0.025S5Br,4,Li24.1P3.9Si0.1S20.0Br4.0,0.000878,,,F-43m,216,9.9819,9.9819,9.9819,90,90,90,argyrodites,10.1039/c7ta08581h,1,D2 - 168,done,appendix; ICSD,,,,
bnh,Li6.1P0.95Si0.1S5Br,4,Li24.4P3.8Si0.4S20.0Br4.0,0.000799,,,F-43m,216,10.0024,10.0024,10.0024,90,90,90,argyrodites,10.1039/c7ta08581h,1,D2 - 168,done,appendix; ICSD,,,,
cdk,Li2(PO2N),4,Li8.0P4.0O8.0N4.0,1.00E-15,,,Cmc21,36,9.0692,5.3999,4.6856,90,90,90,LIPON,10.1016/j.ssi.2012.12.013,1,D2 - 57,done,188493-ICSD,,,,
goi,LiClC3H7NO,4,Li4.0Cl4.0C12.0H28.0N4.0O4.0,0.00016,,,P21/c,14,5.839,6.39,15.961,90,98.826,90,,10.1021/acs.chemmater.5b00940,1,D2 - 35,done,CCDC 969064,appendix,,,
5zv,Li4Zn(PO4)2,4,Li16.0Zn4.0P8.0O32.0,5.55E-18,,,P21/c,14,8.1199,10.24192,8.10549,90,104.8589,90,phosphates,10.1021/acs.chemmater.7b05139,1,D2 - 38,done,appendix,,,,
tbu,Li3.5Zn0.5Ga0.5(PO4)2,2,Li7.0Zn1.0Ga1.0P4.0O16.0,1.00E-15,,,Pnma,62,10.08925,6.5108,4.935878,90,90,90,phosphates,10.1021/acs.chemmater.7b05139,1,D2 - 38,done,appendix,,,,
uox,Li3.7Zn0.7Ga0.3(PO4)2,2,Li7.4Zn1.4Ga0.6P4.0O16.0,5.65E-12,,,P 21 21 21,19,4.9391,6.4803,10.1468,90,90,90,phosphates,10.1021/acs.chemmater.7b05139,1,D2 - 38,done,appendix,,,,
gxz,Li4Zn(PO4)2,2,Li8.0Zn2.0P4.0O16.0,1.00E-15,,,Pnma,62,10.2974,6.5021,5.0011,90,90,90,phosphates,10.1021/acs.chemmater.7b05139,1,D2 - 38,done,,,"should be deleted, high T structure, refer the alpha phase",,
u0c,(Li0.826Mg0.174)(Li0.374Mg0.026Ti1.60)O4,8,Li9.6Mg1.6Ti12.8O32.0,4.24E-09,,,Fd-3m,227,8.3666,8.3666,8.3666,90,90,90,oxides,10.1016/j.ssi.2010.06.003,1,D2 - 164,done,ICSD ,,,,
6du,(Li0.916Mg0.084)(Li0.352Mg0.016Ti1.634)O4,8,Li10.14Mg0.8Ti13.07O32.0,1.73E-08,,,Fd-3m,227,8.3649,8.3649,8.3649,90,90,90,oxides,10.1016/j.ssi.2010.06.003,1,D2 - 164,done,ICSD ,,,,
jl4,(Li0.61Mg0.39)(Li0.46Mg0.005Ti0.035)Ti1.5O4,8,Li8.56Mg3.16Ti12.28O32.0,6.56E-10,,,P4332,212,8.3792,8.3792,8.3792,90,90,90,oxides,10.1016/j.ssi.2010.06.003,1,D2 - 164,done,ICSD ,,,,
jkq,(Li0.55Mg0.45)(Li0.445Mg0.055)Ti1.5O4,8,Li7.96Mg4.04Ti12.0O32.0,1.53E-11,,,P4332,212,8.3806,8.3806,8.3806,90,90,90,oxides,10.1016/j.ssi.2010.06.003,1,D2 - 164,done,ICSD ,,,,
xub,(Li0.74Mg0.26)(Li0.40Mg0.04Ti1.56)O4,8,Li9.12Mg2.4Ti12.48O32.0,1.51E-09,,,Fd-3m,227,8.3703,8.3703,8.3703,90,90,90,oxides,10.1016/j.ssi.2010.06.003,1,D2 - 164,done,ICSD ,,,,
m0v,Li(Li0.34Ti1.66)O4,8,Li10.72Ti13.28O32.0,6.03E-08,,,Fd-3m,227,8.362,8.362,8.362,90,90,90,oxides,10.1016/j.ssi.2010.06.003,1,D2 - 164,done,ICSD ,,,,
uxi,Li1.65Mn0.65In0.35Cl4,8,Li13.2Mn5.2In2.8Cl32.0,9.90E-08,,,Fd-3m,227,10.4696,10.4696,10.4696,90,90,90,chlorides,10.1016/s0167-2738(96)00592-9,1,D2 - 198,done,ICSD ,,,,
t3k,Li1.9Mn0.9Ga0.1Cl4,8,Li15.2Mn7.2Ga0.8Cl32.0,2.37E-07,,,Fd-3m,227,10.4881,10.4881,10.4881,90,90,90,chlorides,10.1016/s0167-2738(96)00592-9,1,D2 - 198,done,ICSD ,,,,
zxr,Li6SrLa2Ta2O12,8,Li48.0Sr8.0La16.0Ta16.0O96.0,5.40E-06,,,Ia-3d ,230,12.846394,12.846394,12.846394,90,90,90,garnet,10.1021/am4060194,1,D2 - 226,done,ICSD ,,,,
sqm,Li6Ba0.5Sr0.5La2Ta2O12,8,Li48.0Ba4.0Sr4.0La16.0Ta16.0O96.0,7.10E-06,,,Ia-3d ,230,12.92046,12.92046,12.92046,90,90,90,garnet,10.1021/am4060194,1,D2 - 226,done,ICSD ,,,,
l9r,Li6CaLa2Ta2O12,8,Li48.0Ca8.0La16.0Ta16.0O96.0,2.20E-06,,,Ia-3d ,230,12.70877,12.70877,12.70877,90,90,90,garnet,10.1021/am4060194,1,D2 - 226,done,ICSD ,,,,
h89,Li6BaLa2Ta2O12,8,Li48.0Ba8.0La16.0Ta16.0O96.0,1.50E-05,,,Ia-3d ,230,12.99726,12.99726,12.99726,90,90,90,garnet,10.1021/am4060194,1,D2 - 226,done,ICSD ,,,,
ner,Li6BaLa2Ta2O12,8,Li48.0Ba8.0La16.0Ta16.0O96.0,1.69E-05,,,Ia-3d ,230,12.995,12.995,12.995,90,90,90,garnet,10.1016/j.materresbull.2012.04.032,1,D2 - 222,done,,,,,
hud,Li6BaLa2Ta2O12,8,Li48.0Ba8.0La16.0Ta16.0O96.0,1.30E-05,,,Ia-3d ,230,13.001,13.001,13.001,90,90,90,garnet,10.1016/j.ssi.2008.10.022,1,D2 - 218,done,ICSD ,,,,
7o7,Li6BaLa2Ta2O12,8,Li48.0Ba8.0La16.0Ta16.0O96.0,2.95E-05,2.95E-05,4.25E-05,Ia-3d ,230,12.9748,12.9748,12.9748,90,90,90,garnet,10.1007/s11581-007-0097-8,1,D2 - 201,done,ICSD not the same paper,,lattice parameter double check,Yes,10.1021/am4060194
ka6,Li5La3Ta2O12,8,Li40.0La24.0Ta16.0O96.0,6.61E-06,6.61E-06,8.31E-06,Ia-3d ,230,12.7814,12.7814,12.7814,90,90,90,garnet,10.1007/s11581-007-0097-8,1,D2 - 201,done,ICSD not the same paper,,lattice parameter double check,Yes,10.1039/C6DT04021G 
gz8,Li5La3Ta2O12,8,Li40.0La24.0Ta16.0O96.0,1.59E-05,,,Ia-3d ,230,12.8176,12.8176,12.8176,90,90,90,garnet,10.1021/acs.inorgchem.7b00816,1,D2 - 231,done,ICSD ,,,,
c0g,Li5.5La3Ta1.75Sm0.25O12,8,Li44.0La24.0Ta14.0Sm2.0O96.0,5.17E-06,,,Ia-3d ,230,12.8206,12.8206,12.8206,90,90,90,garnet,10.1021/acs.inorgchem.7b00816,1,D2 - 231,done,ICSD ,,,,
419,Li5.3La3Ta1.85Sm0.15O12,8,Li42.4La24.0Ta14.8Sm1.2O96.0,7.11E-06,,,Ia-3d ,230,12.8108,12.8108,12.8108,90,90,90,garnet,10.1021/acs.inorgchem.7b00816,1,D2 - 231,done,ICSD ,,,,
kbu,Li5.70La3Ta1.65Sm0.35O12,8,Li45.6La24.0Ta13.2Sm2.8O96.0,2.15E-05,,,Ia-3d ,230,12.8309,12.8309,12.8309,90,90,90,garnet,10.1021/acs.inorgchem.7b00816,1,D2 - 231,done,ICSD ,,,,
dae,Li6.10La3Ta1.45Sm0.55O12,8,Li48.8La24.0Ta11.6Sm4.4O96.0,1.40E-05,,,Ia-3d ,230,12.8525,12.8525,12.8525,90,90,90,garnet,10.1021/acs.inorgchem.7b00816,1,D2 - 231,done,ICSD ,,,,
fam,Li5.90La3Ta1.55Sm0.45O12,8,Li47.2La24.0Ta12.4Sm3.6O96.0,1.18E-05,,,Ia-3d ,230,12.846,12.846,12.846,90,90,90,garnet,10.1021/acs.inorgchem.7b00816,1,D2 - 231,done,ICSD ,,,,
hcm,Li5La3Ta2O12,8,Li40.0La24.0Ta16.0O96.0,3.40E-05,3.40E-05,0.00016,Ia-3d ,230,12.8311,12.8311,12.8311,90,90,90,garnet,10.1149/2.024205esl,1,D2 - 206,done,,,,Yes,10.1016/0167-577X(88)90011-0
e6a,Li6.7La3Zr1.7Ta0.3O12,8,Li53.6La24.0Zr13.6Ta2.4O96.0,0.00069,0.00069,0.00096,Ia-3d ,230,12.9721,12.9721,12.9721,90,90,90,garnet,10.1149/2.024205esl,1,D2 - 206,done,,,,Yes,10.1021/acsaem.1c03632
g5q,Li6.5La3Zr1.5Ta0.5O12,8,Li52.0La24.0Zr12.0Ta4.0O96.0,0.00028,0.00028,0.00055,Ia-3d ,230,12.9187,12.9187,12.9187,90,90,90,garnet,10.1149/2.024205esl,1,D2 - 206,done,ICSD not the same paper,,,Yes,10.2109/jcersj2.19022
kh3,Li6.5La3Zr1.5Ta0.5O12 ,8,Li52.0La24.0Zr12.0Ta4.0O96.0,0.00092,,,Ia-3d ,230,12.945,12.945,12.945,90,90,90,,10.1039/c2jm31413d,0,D2 - 205; D1 - 804,done,,,,Yes,10.2109/jcersj2.19094
etz,Li7La3Zr2O12,8,Li56.0La24.0Zr16.0O96.0,1.97E-06,,,Ia-3d ,230,12.9727,12.9727,12.9727,90,90,90,,10.1039/c1cp22108f,0,,done,,,,Yes,10.1021/ic101914e
wyu,Li7La3Zr2O12,8,Li56.0La24.0Zr16.0O96.0,1.63E-06,,,I41/acd ,142,13.134,13.134,12.663,90,90,90,garnet,10.1016/j.jssc.2009.05.020,1,D1 - 24; D2 - 119,done,246816-ICSD,,,,
gdr,Li6.2La3Zr1.2Ta0.8O12,8,Li49.6La24.0Zr9.6Ta6.4O96.0,0.00032,,,Ia-3d ,230,12.908,12.908,12.908,90,90,90,garnet,10.1039/c2jm31413d,1,D2 - 205; D1 - 804,done,,,,Yes,10.2109/jcersj2.19022
kji,Li6.4La3Zr1.4Ta0.6O12,8,Li51.2La24.0Zr11.2Ta4.8O96.0,0.001,,,Ia-3d ,230,12.922,12.922,12.922,90,90,90,garnet,10.1039/c2jm31413d,1,D2 - 205; D1 - 804,done,,,,Yes,10.2109/jcersj2.19022
2wb,Li6.6La3Zr1.6Ta0.4O12,8,Li52.8La24.0Zr12.8Ta3.2O96.0,0.00047,0.00047,0.00072,Ia-3d ,230,12.947,12.947,12.947,90,90,90,garnet,10.1149/2.024205esl,1,D2 - 206,done,,,,Yes,10.2109/jcersj2.19022
o5q,Li6.8La3Zr1.8Ta0.2O12 ,8,Li54.4La24.0Zr14.4Ta1.6O96.0,0.00028,,,Ia-3d ,230,12.964,12.964,12.964,90,90,90,,10.1039/c2jm31413d,0,D2 - 205; D1 - 804,done,,,,Yes,10.2109/jcersj2.19022
7w5,Li6.75La3Zr1.75Ta0.25O12,8,Li54.0La24.0Zr14.0Ta2.0O96.0,0.00087,,,Ia-3d ,230,12.96,12.96,12.96,90,90,90,garnet,10.1016/j.jpowsour.2012.01.131,1,D2 - 219,done,,,,Yes,10.1039/c1jm14588f
jej,Li6CaLa2Ta2O12,8,Li48.0Ca8.0La16.0Ta16.0O96.0,2.20E-06,,,Ia-3d ,230,12.725,12.725,12.725,90,90,90,garnet,10.1016/j.ssi.2008.10.022,1,D2 - 218,done,ICSD ,,,,
uaz,Li6CaLa2Nb2O12,8,Li48.0Ca8.0La16.0Nb16.0O96.0,1.60E-06,,,Ia-3d ,230,12.697,12.697,12.697,90,90,90,garnet,10.1111/j.1551-2916.2005.00060.x,1,D1 - 197,done,,,"ic # check, was wrong paper",Yes,10.1016/j.cej.2019.121937
68u,Li5La3Nb2O12,8,Li40.0La24.0Nb16.0O96.0,8.00E-06,,, I213,199,12.762,12.762,12.762,90,90,90,garnet,10.1111/j.1551-2916.2005.00060.x,1,D2 - 159;D1- 814,done,,,,Yes,10.1016/0025-5408(88)90264-4
gkl,Li5La3Nb2O12,8,Li40.0La24.0Nb16.0O96.0,5.08E-06,,,Ia-3d ,230,12.718,12.718,12.718,90,90,90,garnet,10.1016/j.jpowsour.2011.05.031,1,D2 - 233,done,,,ic # incorrect,Yes,10.1039/b514640b
z2s,Nd3Zr2Al0.5Li5.5O12,8,Nd24.0Zr16.0Al4.0Li44.0O96.0,3.90E-05,,,Ia-3d ,230,12.8158,12.8158,12.8158,90,90,90,garnet,10.1039/c3ta13252h,1,D2 - 223,done,ICSD ,,,,
ckw,LiSr0.9Nb2O6F0.8,8,Li8.0Sr7.2Nb16.0O48.0F6.4,1.00E-15,,,Fd-3m,227,10.4909,10.4909,10.4909,90,90,90,pyrochlore,10.2497/jjspm.65.26,1,D2 - 200,done,ICSD ,,,,
ek5,LiSrNb2O6F,8,Li8.0Sr8.0Nb16.0O48.0F8.0,1.00E-15,,,Fd-3m,227,10.48371,10.48371,10.48371,90,90,90,pyrochlore,10.2497/jjspm.65.26,1,D2 - 200,done,ICSD ,,,,
e81,Li1.1SrTa1.9Zr0.1O6F,8,Li8.8Sr8.0Ta15.2Zr0.8O48.0F8.0,1.00E-15,,,Fd-3m,227,10.46992,10.46992,10.46992,90,90,90,pyrochlore,10.2497/jjspm.65.26,1,D2 - 200,done,ICSD ,,,,
yab,LiSr0.9Ta2O6F0.8,8,Li8.0Sr7.2Ta16.0O48.0F6.4,1.00E-15,,,Fd-3m,227,10.4687,10.4687,10.4687,90,90,90,pyrochlore,10.2497/jjspm.65.26,1,D2 - 200,done,ICSD ,,,,
ysm,Li1.1SrNb1.9Zr0.1O6F,8,Li8.8Sr8.0Nb15.2Zr0.8O48.0F8.0,1.00E-15,,,Fd-3m,227,10.48854,10.48854,10.48854,90,90,90,pyrochlore,10.2497/jjspm.65.26,1,D2 - 200,done,ICSD ,,,,
xut,LiSrTa2O6F,8,Li8.0Sr8.0Ta16.0O48.0F8.0,1.00E-15,,,Fd-3m,227,10.46401,10.46401,10.46401,90,90,90,pyrochlore,10.2497/jjspm.65.26,1,D2 - 200,done,ICSD ,,,,
dl7,Li2MgTi3O8,4,Li8.0Mg4.0Ti12.0O32.0,1.00E-15,,,P4332,212,8.3774,8.3774,8.3774,90,90,90,oxides,10.1039/a800234g,1,D2 - 163,done,ICSD ,,,,
i12,Li2CoTi3O8,4,Li8.0Co4.0Ti12.0O32.0,1.00E-15,,,P4332,212,8.3766,8.3766,8.3766,90,90,90,oxides,10.1039/a800234g,1,D2 - 163,done,ICSD ,,,,
aui,Li2CoGe3O8,4,Li8.0Co4.0Ge12.0O32.0,1.00E-15,,,P4332,212,8.2098,8.2098,8.2098,90,90,90,oxides,10.1039/a800234g,1,D2 - 163,done,ICSD ,,,,
mfs,Li2ZnGe3O8,4,Li8.0Zn4.0Ge12.0O32.0,1.00E-15,,,P4332,212,8.1961,8.1961,8.1961,90,90,90,oxides,10.1039/a800234g,1,D2 - 163,done,ICSD ,,,,
nip,Li9.81Sn0.81P2.19S12,2,Li19.62Sn1.62P4.38S24.0,0.0055,,,P42/nmc ,137,8.73764,8.73764,12.7166,90,90,90,LGPS,10.1107/s2052520615022283,1,D2 - 109,done,252040-ICSD,,partial occupancy corrected,,
k4x,Li10.35Si1.35P1.65S12,2,Li20.7Si2.7P3.3S24.0,0.0065,,,P42/nmc ,137,8.68385,8.68385,12.55589,90,90,90,LGPS,10.1107/s2052520615022283,1,D2 - 109,done,252037-ICSD,,,,
be9,LiGaBr4,4,Li4.0Ga4.0Br16.0,7.00E-06,,,P21/c,14,13.696,6.854,7.416,90,93.14,90,halides,10.1016/s0167-2738(00)00491-4,1,D2 - 25,done,61337-ICSD,,,,
0o6,Li1.2Ti1.8Sc0.2(PO4)3,6,Li7.2Ti10.8Sc1.2P18.0O72.0,9.98E-05,9.98E-05,0.00251,R-3c,167,8.527,8.527,20.924,90,90,120,,10.1021/acs.inorgchem.6b02274,1,D2 - 132,done,,,,,
1xt,LiSbO2,8,Li8.0Sb8.0O16.0,1.00E-15,,,P21/c,14,4.855,17.857,5.5771,90,90.061,90,oxides,10.1021/ic201183e,1,D2 - 39,done,262075-ICSD,,,,
